time,temp,hum,press
12:36,21.77,61.668,1005.06
12:37,21.77,61.723,1005.05
12:38,21.76,61.979,1005.02
12:39,21.77,62.022,1005.0
12:40,21.76,62.011,1004.99
12:41,21.76,62.005,1004.99
12:42,21.75,62.072,1004.97
12:43,21.75,61.791,1004.96
12:44,21.76,61.805,1004.95
12:45,21.76,61.772,1004.94
12:46,21.78,61.887,1004.94
12:47,21.8,61.829,1004.96
12:48,21.8,61.775,1004.97
12:49,21.79,61.832,1004.93
12:50,21.79,61.868,1004.94
12:51,21.79,61.873,1004.95
12:52,21.8,61.867,1004.95
12:53,21.8,61.899,1004.96
12:54,21.8,61.967,1004.98
12:55,21.8,62.112,1004.93
12:56,21.8,62.2,1004.94
12:57,21.82,62.206,1004.92
12:58,21.82,62.338,1004.92
12:59,21.82,62.419,1004.88
13:00,21.81,62.473,1004.88
13:01,21.81,62.46,1004.89
13:02,21.82,62.493,1004.9
13:03,21.83,62.504,1004.89
13:04,21.83,62.593,1004.88
13:05,21.83,62.611,1004.89
13:06,21.84,62.705,1004.9
13:07,21.85,62.745,1004.88
13:08,21.86,62.826,1004.9
13:09,21.85,62.744,1004.92
13:10,21.84,62.813,1004.9
13:11,21.85,63.214,1004.91
13:12,21.86,63.127,1004.89
13:13,21.84,63.187,1004.86
13:14,21.84,63.147,1004.86
13:15,21.84,63.187,1004.84
13:16,21.84,63.139,1004.82
13:17,21.85,63.152,1004.77
13:18,21.83,63.301,1004.78
13:19,21.82,63.37,1004.74
13:20,21.82,63.537,1004.72
13:21,21.83,63.396,1004.69
13:22,21.83,63.578,1004.71
13:23,21.83,63.649,1004.72
13:24,21.83,63.636,1004.71
13:25,21.83,63.611,1004.71
13:26,21.83,63.616,1004.71
13:27,21.83,63.704,1004.71
13:28,21.83,63.718,1004.73
13:29,21.83,63.831,1004.72
13:30,21.84,63.659,1004.73
13:31,21.83,64.0,1004.72
13:32,21.83,64.122,1004.7
13:33,21.83,64.052,1004.68
13:34,21.84,64.072,1004.68
13:35,21.84,64.411,1004.67
13:36,21.83,64.47,1004.65
13:37,21.83,64.254,1004.65
13:38,21.84,64.268,1004.65
13:39,21.84,64.296,1004.65
13:40,21.84,64.316,1004.67
13:41,21.84,64.296,1004.66
13:42,21.84,64.268,1004.66
13:43,21.83,64.271,1004.63
13:44,21.84,64.208,1004.61
13:45,21.84,64.195,1004.62
13:46,21.84,64.17,1004.6
13:47,21.84,64.18,1004.59
13:48,21.85,64.195,1004.62
13:49,21.85,64.142,1004.59
13:50,21.85,64.122,1004.59
13:51,21.85,64.14,1004.58
13:52,21.86,64.135,1004.54
13:53,21.86,64.14,1004.54
13:54,21.86,64.142,1004.54
13:55,21.86,64.122,1004.53
13:56,21.86,64.197,1004.53
13:57,21.86,64.203,1004.53
13:58,21.86,64.229,1004.53
13:59,21.88,63.944,1004.52
14:00,21.9,64.02,1004.5
14:01,21.89,64.02,1004.49
14:02,21.89,63.983,1004.48
14:03,21.9,63.944,1004.46
14:04,21.89,63.957,1004.44
14:05,21.9,63.963,1004.42
14:06,21.9,63.957,1004.41
14:07,21.91,63.915,1004.41
14:08,21.9,63.944,1004.41
14:09,21.9,64.031,1004.4
14:10,21.9,64.097,1004.39
14:11,21.9,64.126,1004.38
14:12,21.9,64.145,1004.38
14:13,21.89,64.091,1004.38
14:14,21.89,64.051,1004.37
14:15,21.88,64.033,1004.37
14:16,21.89,63.996,1004.36
14:17,21.88,63.993,1004.35
14:18,21.88,63.984,1004.37
14:19,21.88,63.993,1004.34
14:20,21.88,63.978,1004.35
14:21,21.88,63.97,1004.34
14:22,21.88,63.937,1004.34
14:23,21.88,63.957,1004.35
14:24,21.87,63.952,1004.35
14:25,21.87,63.965,1004.34
14:26,21.88,63.938,1004.36
14:27,21.88,63.927,1004.34
14:28,21.86,64.014,1004.34
14:29,21.84,64.085,1004.33
14:30,21.84,64.054,1004.32
14:31,21.86,64.0,1004.28
14:32,21.86,63.995,1004.26
14:33,21.86,64.02,1004.21
14:34,21.86,64.001,1004.19
14:35,21.87,64.013,1004.15
14:36,21.87,64.039,1004.13
14:37,21.87,64.094,1004.14
14:38,21.87,64.186,1004.12
14:39,21.87,64.241,1004.1
14:40,21.87,64.265,1004.09
14:41,21.87,64.228,1004.09
14:42,21.88,64.274,1004.1
14:43,21.88,64.268,1004.07
14:44,21.88,64.281,1004.07
14:45,21.88,64.374,1004.04
14:46,21.88,64.457,1004.01
14:47,21.88,64.626,1003.99
14:48,21.88,64.6,1003.95
14:49,21.89,64.495,1003.94
14:50,21.88,64.505,1003.93
14:51,21.88,64.437,1003.93
14:52,21.89,64.429,1003.93
14:53,21.9,64.462,1003.92
14:54,21.89,64.442,1003.9
14:55,21.89,64.521,1003.91
14:56,21.89,64.468,1003.9
14:57,21.88,64.505,1003.87
14:58,21.88,64.499,1003.89
14:59,21.88,64.563,1003.91
15:00,21.88,64.492,1003.91
15:01,21.88,64.532,1003.9
15:02,21.88,64.596,1003.92
15:03,21.88,64.613,1003.91
15:04,21.88,64.71,1003.92
15:05,21.88,64.616,1003.92
15:06,21.88,64.593,1003.9
15:07,21.88,64.571,1003.87
15:08,21.88,64.583,1003.85
15:09,21.89,64.609,1003.84
15:10,21.89,64.631,1003.83
15:11,21.89,64.623,1003.8
15:12,21.89,64.603,1003.77
15:13,21.89,64.638,1003.79
15:14,21.89,64.6,1003.8
15:15,21.89,64.638,1003.8
15:16,21.9,64.691,1003.82
15:17,21.9,64.639,1003.81
15:18,21.9,64.684,1003.79
15:19,21.89,64.726,1003.79
15:20,21.89,64.701,1003.79
15:21,21.89,64.726,1003.8
15:22,21.9,64.697,1003.8
15:23,21.9,64.739,1003.8
15:24,21.89,64.809,1003.79
15:25,21.89,64.78,1003.79
15:26,21.89,64.766,1003.79
15:27,21.89,64.515,1003.77
15:28,21.9,64.664,1003.76
15:29,21.89,64.708,1003.75
15:30,21.88,64.802,1003.74
15:31,21.88,64.721,1003.74
15:32,21.89,64.787,1003.73
15:33,21.88,64.867,1003.71
15:34,21.87,64.925,1003.69
15:35,21.87,64.888,1003.71
15:36,21.87,64.904,1003.68
15:37,21.87,64.796,1003.69
15:38,21.86,64.621,1003.68
15:39,21.86,64.654,1003.67
15:40,21.86,64.742,1003.65
15:41,21.86,64.777,1003.64
15:42,21.86,64.849,1003.65
15:43,21.85,64.837,1003.62
15:44,21.85,64.822,1003.63
15:45,21.86,64.654,1003.62
15:46,21.86,64.608,1003.6
15:47,21.87,64.639,1003.6
15:48,21.87,64.703,1003.61
15:49,21.86,64.885,1003.62
15:50,21.86,64.83,1003.6
15:51,21.86,64.83,1003.57
15:52,21.86,64.774,1003.56
15:53,21.86,64.771,1003.56
15:54,21.86,64.45,1003.54
15:55,21.86,64.518,1003.52
15:56,21.84,64.512,1003.53
15:57,21.84,64.445,1003.53
15:58,21.83,64.578,1003.52
15:59,21.83,64.505,1003.52
16:00,21.83,64.457,1003.52
16:01,21.83,64.499,1003.54
16:02,21.83,64.476,1003.53
16:03,21.83,64.404,1003.53
16:04,21.82,64.366,1003.53
16:05,21.83,64.316,1003.53
16:06,21.82,64.355,1003.53
16:07,21.82,64.369,1003.52
16:08,21.83,64.349,1003.54
16:09,21.83,64.316,1003.55
16:10,21.83,64.303,1003.55
16:11,21.83,64.316,1003.54
16:12,21.83,64.316,1003.55
16:13,21.83,64.316,1003.55
16:14,21.83,64.336,1003.55
16:15,21.83,64.342,1003.56
16:16,21.83,64.35,1003.52
16:17,21.83,64.316,1003.53
16:18,21.83,64.331,1003.52
16:19,21.82,64.344,1003.51
16:20,21.83,64.324,1003.5
16:21,21.83,64.304,1003.49
16:22,21.81,64.337,1003.5
16:23,21.83,64.278,1003.47
16:24,21.82,64.256,1003.47
16:25,21.83,64.222,1003.47
16:26,21.83,64.268,1003.47
16:27,21.84,64.164,1003.44
16:28,21.85,64.157,1003.42
16:29,21.85,64.184,1003.4
16:30,21.85,64.228,1003.38
16:31,21.84,64.186,1003.36
16:32,21.84,64.186,1003.37
16:33,21.83,64.241,1003.33
16:34,21.83,64.287,1003.38
16:35,21.83,64.248,1003.36
16:36,21.83,64.261,1003.36
16:37,21.83,64.261,1003.37
16:38,21.84,64.241,1003.39
16:39,21.84,64.21,1003.37
16:40,21.83,64.228,1003.38
16:41,21.84,64.228,1003.38
16:42,21.84,64.254,1003.39
16:43,21.84,64.235,1003.38
16:44,21.84,64.241,1003.4
16:45,21.85,64.208,1003.38
16:46,21.85,64.197,1003.37
16:47,21.84,64.195,1003.35
16:48,21.84,64.21,1003.35
16:49,21.84,64.248,1003.32
16:50,21.84,64.254,1003.29
16:51,21.83,64.184,1003.28
16:52,21.82,64.216,1003.27
16:53,21.83,64.203,1003.29
16:54,21.82,64.236,1003.3
16:55,21.81,64.271,1003.3
16:56,21.81,64.284,1003.29
16:57,21.81,64.254,1003.29
16:58,21.82,64.243,1003.28
16:59,21.82,64.229,1003.28
17:00,21.82,64.19,1003.25
17:01,21.81,64.19,1003.23
17:02,21.81,64.197,1003.23
17:03,21.82,64.166,1003.23
17:04,21.82,64.128,1003.22
17:05,21.83,64.107,1003.21
17:06,21.82,64.107,1003.21
17:07,21.82,64.115,1003.22
17:08,21.82,64.122,1003.18
17:09,21.81,64.142,1003.2
17:10,21.81,64.164,1003.21
17:11,21.81,64.155,1003.19
17:12,21.82,64.122,1003.18
17:13,21.82,64.134,1003.17
17:14,21.82,64.115,1003.19
17:15,21.83,64.114,1003.18
17:16,21.83,64.102,1003.18
17:17,21.83,64.083,1003.12
17:18,21.82,64.085,1003.11
17:19,21.82,64.115,1003.1
17:20,21.82,64.102,1003.05
17:21,21.81,64.115,1003.05
17:22,21.8,64.155,1003.05
17:23,21.8,64.148,1003.05
17:24,21.81,64.135,1003.03
17:25,21.81,64.14,1003.02
17:26,21.81,64.128,1003.02
17:27,21.8,64.115,1003.01
17:28,21.79,64.071,1003.01
17:29,21.79,64.084,1003.02
17:30,21.79,64.102,1003.0
17:31,21.78,64.031,1003.04
17:32,21.79,64.031,1003.03
17:33,21.79,64.031,1003.02
17:34,21.78,64.014,1003.04
17:35,21.79,63.95,1003.02
17:36,21.79,63.943,1003.02
17:37,21.79,63.943,1002.98
17:38,21.8,63.937,1003.02
17:39,21.8,63.907,1003.01
17:40,21.81,63.94,1003.05
17:41,21.81,63.839,1003.05
17:42,21.81,63.806,1003.05
17:43,21.81,63.852,1003.04
17:44,21.81,63.887,1003.05
17:45,21.8,63.902,1003.05
17:46,21.8,63.902,1003.06
17:47,21.79,63.915,1003.06
17:48,21.79,63.915,1003.09
17:49,21.79,63.915,1003.06
17:50,21.79,63.921,1003.08
17:51,21.8,63.927,1003.07
17:52,21.8,63.946,1003.08
17:53,21.79,63.968,1003.06
17:54,21.79,63.981,1003.04
17:55,21.79,63.957,1003.04
17:56,21.79,63.953,1003.01
17:57,21.79,63.97,1003.0
17:58,21.78,63.996,1002.96
17:59,21.77,63.981,1002.93
18:00,21.78,63.976,1002.93
18:01,21.78,64.003,1002.93
18:02,21.77,64.033,1002.94
18:03,21.78,64.028,1002.95
18:04,21.79,63.989,1002.95
18:05,21.78,63.995,1002.91
18:06,21.78,63.989,1002.91
18:07,21.77,63.98,1002.89
18:08,21.78,64.016,1002.92
18:09,21.76,64.0,1002.91
18:10,21.76,64.041,1002.93
18:11,21.76,63.976,1002.95
18:12,21.75,64.027,1002.98
18:13,21.74,64.115,1003.0
18:14,21.73,64.102,1003.01
18:15,21.72,64.12,1003.02
18:16,21.73,64.104,1003.03
18:17,21.74,64.069,1003.04
18:18,21.73,64.031,1003.03
18:19,21.73,64.008,1003.03
18:20,21.74,63.957,1003.02
18:21,21.74,63.933,1003.06
18:22,21.74,63.948,1003.05
18:23,21.74,63.925,1003.08
18:24,21.72,63.955,1003.1
18:25,21.73,63.968,1003.11
18:26,21.73,63.924,1003.13
18:27,21.73,63.937,1003.13
18:28,21.73,63.95,1003.15
18:29,21.73,63.95,1003.12
18:30,21.73,63.955,1003.11
18:31,21.72,63.988,1003.14
18:32,21.72,63.957,1003.11
18:33,21.71,63.993,1003.11
18:34,21.71,64.12,1003.1
18:35,21.72,64.09,1003.11
18:36,21.73,64.11,1003.11
18:37,21.74,64.135,1003.1
18:38,21.74,64.109,1003.09
18:39,21.72,64.139,1003.11
18:40,21.72,64.173,1003.12
18:41,21.71,64.253,1003.12
18:42,21.72,64.251,1003.11
18:43,21.72,64.26,1003.14
18:44,21.72,64.292,1003.14
18:45,21.7,64.211,1003.17
18:46,21.69,64.141,1003.18
18:47,21.71,64.104,1003.18
18:48,21.7,64.203,1003.17
18:49,21.7,64.209,1003.18
18:50,21.69,64.296,1003.15
18:51,21.69,64.261,1003.16
18:52,21.69,64.216,1003.15
18:53,21.69,64.208,1003.13
18:54,21.7,64.17,1003.14
18:55,21.7,64.183,1003.12
18:56,21.69,64.261,1003.13
18:57,21.69,64.254,1003.13
18:58,21.69,64.248,1003.13
18:59,21.69,64.203,1003.13
19:00,21.7,64.267,1003.14
19:01,21.7,64.392,1003.12
19:02,21.7,64.298,1003.11
19:03,21.7,64.241,1003.1
19:04,21.7,64.254,1003.09
19:05,21.72,64.286,1003.09
19:06,21.73,64.246,1003.05
19:07,21.75,64.211,1003.08
19:08,21.76,64.177,1003.06
19:09,21.77,64.19,1003.07
19:10,21.77,64.211,1003.08
19:11,21.78,64.165,1003.08
19:12,21.79,64.233,1003.08
19:13,21.8,64.21,1003.07
19:14,21.8,64.158,1003.07
19:15,21.8,64.148,1003.09
19:16,21.81,64.223,1003.09
19:17,21.81,64.122,1003.09
19:18,21.81,64.177,1003.11
19:19,21.82,64.186,1003.09
19:20,21.82,64.183,1003.09
19:21,21.82,64.235,1003.08
19:22,21.83,64.228,1003.09
19:23,21.82,64.261,1003.09
19:24,21.82,64.177,1003.1
19:25,21.83,64.223,1003.1
19:26,21.83,64.278,1003.08
19:27,21.83,64.296,1003.08
19:28,21.83,64.296,1003.07
19:29,21.83,64.243,1003.1
19:30,21.83,64.331,1003.07
19:31,21.84,64.281,1003.08
19:32,21.83,64.322,1003.06
19:33,21.82,64.304,1003.05
19:34,21.82,64.317,1003.05
19:35,21.81,64.344,1003.05
19:36,21.81,64.366,1003.04
19:37,21.8,64.399,1003.04
19:38,21.8,64.394,1003.04
19:39,21.8,64.4,1003.01
19:40,21.8,64.412,1003.02
19:41,21.79,64.455,1003.02
19:42,21.79,64.455,1003.0
19:43,21.79,64.448,1002.98
19:44,21.78,64.48,1002.99
19:45,21.78,64.488,1002.97
19:46,21.78,64.552,1002.96
19:47,21.78,64.563,1002.94
19:48,21.78,64.537,1002.94
19:49,21.78,64.539,1002.93
19:50,21.77,64.576,1002.93
19:51,21.77,64.55,1002.94
19:52,21.77,64.576,1002.94
19:53,21.78,64.644,1002.95
19:54,21.78,64.654,1002.95
19:55,21.78,64.622,1002.95
19:56,21.78,64.69,1002.94
19:57,21.78,64.684,1002.93
19:58,21.77,64.697,1002.96
19:59,21.76,64.804,1002.99
20:00,21.75,64.791,1002.98
20:01,21.74,64.837,1003.04
20:02,21.74,64.886,1003.02
20:03,21.73,64.935,1003.03
20:04,21.73,64.973,1003.03
20:05,21.72,65.063,1003.03
20:06,21.72,65.071,1003.05
20:07,21.71,65.083,1003.05
20:08,21.71,65.091,1003.07
20:09,21.7,65.106,1003.08
20:10,21.7,65.084,1003.09
20:11,21.7,65.088,1003.11
20:12,21.7,65.109,1003.13
20:13,21.7,65.113,1003.14
20:14,21.69,65.109,1003.17
20:15,21.69,65.127,1003.16
20:16,21.68,65.121,1003.2
20:17,21.68,65.151,1003.2
20:18,21.68,65.139,1003.21
20:19,21.68,65.138,1003.2
20:20,21.67,65.129,1003.2
20:21,21.67,65.171,1003.22
20:22,21.67,65.126,1003.2
20:23,21.66,65.139,1003.2
20:24,21.67,65.146,1003.21
20:25,21.67,65.177,1003.23
20:26,21.67,65.164,1003.23
20:27,21.68,65.12,1003.23
20:28,21.68,65.164,1003.26
20:29,21.68,65.203,1003.25
20:30,21.67,65.253,1003.27
20:31,21.68,65.266,1003.28
20:32,21.68,65.266,1003.28
20:33,21.68,65.259,1003.29
20:34,21.69,65.222,1003.29
20:35,21.68,65.224,1003.27
20:36,21.69,65.222,1003.28
20:37,21.69,65.222,1003.29
20:38,21.69,65.241,1003.29
20:39,21.69,65.236,1003.29
20:40,21.69,65.311,1003.3
20:41,21.69,65.266,1003.32
20:42,21.69,65.249,1003.33
20:43,21.69,65.317,1003.35
20:44,21.68,65.312,1003.35
20:45,21.68,65.272,1003.34
20:46,21.69,65.367,1003.34
20:47,21.68,65.341,1003.36
20:48,21.69,65.332,1003.36
20:49,21.69,65.369,1003.36
20:50,21.68,65.393,1003.37
20:51,21.68,65.42,1003.34
20:52,21.68,65.439,1003.33
20:53,21.68,65.481,1003.31
20:54,21.68,65.449,1003.3
20:55,21.68,65.496,1003.29
20:56,21.68,65.462,1003.28
20:57,21.68,65.489,1003.29
20:58,21.68,65.527,1003.29
20:59,21.69,65.614,1003.3
21:00,21.69,65.63,1003.31
21:01,21.69,65.584,1003.29
21:02,21.68,65.63,1003.3
21:03,21.69,65.513,1003.3
21:04,21.69,65.584,1003.29
21:05,21.68,65.659,1003.28
21:06,21.69,65.608,1003.31
21:07,21.69,65.636,1003.3
21:08,21.68,65.591,1003.31
21:09,21.68,65.624,1003.29
21:10,21.68,65.576,1003.27
21:11,21.68,65.589,1003.32
21:12,21.68,65.591,1003.28
21:13,21.69,65.608,1003.3
21:14,21.69,65.535,1003.28
21:15,21.69,65.56,1003.28
21:16,21.69,65.592,1003.28
21:17,21.69,65.589,1003.29
21:18,21.69,65.622,1003.3
21:19,21.69,65.566,1003.3
21:20,21.69,65.599,1003.3
21:21,21.69,65.534,1003.31
21:22,21.69,65.584,1003.29
21:23,21.69,65.571,1003.28
21:24,21.69,65.603,1003.25
21:25,21.69,65.589,1003.28
21:26,21.69,65.559,1003.28
21:27,21.69,65.636,1003.28
21:28,21.69,65.704,1003.3
21:29,21.69,65.641,1003.27
21:30,21.69,65.678,1003.29
21:31,21.69,65.653,1003.29
21:32,21.69,65.694,1003.3
21:33,21.69,65.686,1003.29
21:34,21.69,65.691,1003.28
21:35,21.69,65.684,1003.25
21:36,21.69,65.723,1003.26
21:37,21.69,65.7,1003.25
21:38,21.69,65.744,1003.24
21:39,21.69,65.737,1003.25
21:40,21.69,65.698,1003.26
21:41,21.69,65.737,1003.26
21:42,21.69,65.776,1003.26
21:43,21.69,65.769,1003.28
21:44,21.68,65.751,1003.28
21:45,21.68,65.774,1003.27
21:46,21.68,65.8,1003.26
21:47,21.68,65.916,1003.25
21:48,21.67,65.897,1003.24
21:49,21.67,65.889,1003.24
21:50,21.67,65.871,1003.21
21:51,21.67,65.877,1003.21
21:52,21.67,65.965,1003.18
21:53,21.66,65.939,1003.19
21:54,21.67,65.971,1003.18
21:55,21.67,65.965,1003.2
21:56,21.66,65.939,1003.19
21:57,21.66,65.967,1003.2
21:58,21.66,65.971,1003.2
21:59,21.66,66.004,1003.18
22:00,21.66,65.967,1003.21
22:01,21.66,66.048,1003.21
22:02,21.65,66.016,1003.17
22:03,21.65,66.043,1003.19
22:04,21.64,66.029,1003.19
22:05,21.64,66.105,1003.18
22:06,21.64,66.062,1003.18
22:07,21.65,66.055,1003.2
22:08,21.65,66.019,1003.21
22:09,21.64,66.023,1003.19
22:10,21.64,66.036,1003.18
22:11,21.64,66.061,1003.18
22:12,21.64,66.068,1003.18
22:13,21.64,66.048,1003.19
22:14,21.64,66.061,1003.16
22:15,21.64,66.043,1003.21
22:16,21.63,66.056,1003.2
22:17,21.63,66.074,1003.2
22:18,21.63,66.056,1003.2
22:19,21.63,66.056,1003.16
22:20,21.64,66.01,1003.18
22:21,21.63,65.992,1003.16
22:22,21.64,66.003,1003.15
22:23,21.64,66.01,1003.14
22:24,21.66,66.13,1003.15
22:25,21.65,66.074,1003.15
22:26,21.64,66.062,1003.15
22:27,21.63,66.171,1003.13
22:28,21.63,66.118,1003.15
22:29,21.63,66.137,1003.17
22:30,21.63,66.158,1003.17
22:31,21.63,66.136,1003.16
22:32,21.63,66.178,1003.16
22:33,21.63,66.178,1003.13
22:34,21.62,66.121,1003.11
22:35,21.62,66.156,1003.09
22:36,21.62,66.251,1003.06
22:37,21.62,66.26,1003.05
22:38,21.62,66.315,1003.05
22:39,21.62,66.273,1003.05
22:40,21.62,66.253,1003.04
22:41,21.62,66.191,1003.02
22:42,21.62,66.156,1003.05
22:43,21.62,66.163,1003.05
22:44,21.62,66.118,1003.04
22:45,21.62,66.087,1003.05
22:46,21.63,66.062,1003.05
22:47,21.62,66.061,1003.04
22:48,21.63,66.076,1003.05
22:49,21.62,66.068,1003.04
22:50,21.63,66.069,1003.05
22:51,21.62,66.074,1003.05
22:52,21.62,66.068,1003.06
22:53,21.62,66.074,1003.06
22:54,21.62,66.087,1003.05
22:55,21.62,66.125,1003.07
22:56,21.62,66.121,1003.09
22:57,21.62,66.101,1003.1
22:58,21.62,66.131,1003.1
22:59,21.62,66.127,1003.14
23:00,21.61,66.171,1003.14
23:01,21.61,66.178,1003.15
23:02,21.61,66.169,1003.13
23:03,21.61,66.156,1003.13
23:04,21.61,66.215,1003.13
23:05,21.6,66.251,1003.12
23:06,21.61,66.169,1003.12
23:07,21.6,66.19,1003.11
23:08,21.61,66.258,1003.1
23:09,21.61,66.196,1003.14
23:10,21.61,66.229,1003.11
23:11,21.6,66.266,1003.11
23:12,21.6,66.251,1003.11
23:13,21.6,66.278,1003.11
23:14,21.6,66.291,1003.11
23:15,21.6,66.259,1003.13
23:16,21.6,66.304,1003.12
23:17,21.6,66.272,1003.13
23:18,21.6,66.348,1003.14
23:19,21.6,66.312,1003.16
23:20,21.6,66.312,1003.17
23:21,21.59,66.351,1003.16
23:22,21.59,66.401,1003.18
23:23,21.59,66.381,1003.18
23:24,21.59,66.413,1003.17
23:25,21.59,66.43,1003.16
23:26,21.58,66.516,1003.14
23:27,21.58,66.54,1003.14
23:28,21.58,66.513,1003.13
23:29,21.58,66.541,1003.12
23:30,21.58,66.559,1003.12
23:31,21.57,66.56,1003.13
23:32,21.57,66.533,1003.12
23:33,21.57,66.553,1003.12
23:34,21.57,66.553,1003.12
23:35,21.57,66.573,1003.12
23:36,21.57,66.6,1003.14
23:37,21.58,66.708,1003.15
23:38,21.57,66.701,1003.15
23:39,21.57,66.58,1003.13
23:40,21.57,66.6,1003.11
23:41,21.58,66.734,1003.12
23:42,21.58,66.654,1003.1
23:43,21.57,66.682,1003.09
23:44,21.57,66.725,1003.05
23:45,21.57,66.751,1003.04
23:46,21.57,66.743,1003.03
23:47,21.56,66.778,1002.97
23:48,21.56,66.739,1002.97
23:49,21.56,66.689,1002.95
23:50,21.56,66.719,1002.95
23:51,21.55,66.758,1002.91
23:52,21.55,66.756,1002.94
23:53,21.54,66.667,1002.91
23:54,21.54,66.707,1002.9
23:55,21.54,66.675,1002.9
23:56,21.53,66.662,1002.91
23:57,21.53,66.667,1002.91
23:58,21.53,66.615,1002.88
23:59,21.53,66.599,1002.88
00:00,21.53,66.615,1002.88
00:01,21.53,66.59,1002.87
00:02,21.53,66.552,1002.93
00:03,21.53,66.526,1002.9
00:04,21.53,66.477,1002.91
00:05,21.53,66.497,1002.97
00:06,21.52,66.458,1002.96
00:07,21.52,66.464,1003.0
00:08,21.51,66.484,1002.99
00:09,21.51,66.508,1003.01
00:10,21.51,66.477,1003.02
00:11,21.51,66.481,1003.0
00:12,21.5,66.481,1003.0
00:13,21.51,66.451,1002.99
00:14,21.5,66.508,1003.02
00:15,21.49,66.534,1003.04
00:16,21.49,66.514,1003.02
00:17,21.49,66.528,1003.04
00:18,21.49,66.508,1003.04
00:19,21.48,66.559,1003.05
00:20,21.47,66.541,1003.04
00:21,21.47,66.526,1003.05
00:22,21.47,66.559,1003.07
00:23,21.46,66.561,1003.05
00:24,21.46,66.546,1003.03
00:25,21.46,66.526,1003.04
00:26,21.45,66.526,1003.0
00:27,21.44,66.554,1003.01
00:28,21.44,66.528,1003.02
00:29,21.44,66.521,1003.01
00:30,21.44,66.515,1003.03
00:31,21.44,66.535,1003.04
00:32,21.43,66.528,1003.02
00:33,21.43,66.503,1003.01
00:34,21.43,66.515,1003.02
00:35,21.43,66.534,1003.0
00:36,21.43,66.535,1003.01
00:37,21.43,66.515,1003.01
00:38,21.43,66.523,1003.03
00:39,21.42,66.521,1003.01
00:40,21.42,66.516,1003.02
00:41,21.42,66.529,1003.0
00:42,21.42,66.515,1003.01
00:43,21.42,66.496,1003.01
00:44,21.42,66.501,1003.01
00:45,21.42,66.476,1003.04
00:46,21.42,66.503,1003.04
00:47,21.42,66.469,1003.05
00:48,21.42,66.449,1003.06
00:49,21.42,66.456,1003.07
00:50,21.42,66.427,1003.06
00:51,21.42,66.432,1003.06
00:52,21.42,66.381,1003.04
00:53,21.42,66.413,1003.04
00:54,21.41,66.427,1003.04
00:55,21.42,66.367,1003.05
00:56,21.41,66.394,1003.03
00:57,21.4,66.432,1003.05
00:58,21.39,66.432,1003.02
00:59,21.39,66.42,1003.03
01:00,21.39,66.37,1003.01
01:01,21.4,66.332,1002.99
01:02,21.4,66.312,1002.97
01:03,21.4,66.317,1002.96
01:04,21.4,66.284,1002.96
01:05,21.4,66.318,1002.95
01:06,21.39,66.325,1002.96
01:07,21.39,66.337,1002.96
01:08,21.39,66.363,1002.96
01:09,21.39,66.29,1002.96
01:10,21.4,66.252,1002.95
01:11,21.4,66.245,1002.96
01:12,21.4,66.292,1002.98
01:13,21.4,66.272,1002.97
01:14,21.4,66.265,1002.95
01:15,21.39,66.303,1002.93
01:16,21.39,66.305,1002.94
01:17,21.39,66.31,1002.92
01:18,21.38,66.317,1002.91
01:19,21.38,66.318,1002.91
01:20,21.38,66.31,1002.91
01:21,21.38,66.284,1002.92
01:22,21.38,66.305,1002.91
01:23,21.38,66.303,1002.92
01:24,21.38,66.297,1002.91
01:25,21.38,66.298,1002.89
01:26,21.37,66.312,1002.89
01:27,21.37,66.305,1002.88
01:28,21.37,66.303,1002.89
01:29,21.37,66.297,1002.87
01:30,21.37,66.285,1002.86
01:31,21.37,66.278,1002.88
01:32,21.37,66.268,1002.87
01:33,21.36,66.286,1002.87
01:34,21.36,66.291,1002.88
01:35,21.36,66.278,1002.87
01:36,21.36,66.24,1002.88
01:37,21.36,66.268,1002.86
01:38,21.36,66.235,1002.86
01:39,21.36,66.215,1002.86
01:40,21.36,66.277,1002.86
01:41,21.36,66.223,1002.87
01:42,21.36,66.26,1002.85
01:43,21.35,66.253,1002.86
01:44,21.35,66.233,1002.86
01:45,21.35,66.223,1002.9
01:46,21.35,66.258,1002.91
01:47,21.35,66.246,1002.93
01:48,21.35,66.252,1002.94
01:49,21.34,66.253,1002.94
01:50,21.34,66.265,1002.91
01:51,21.34,66.293,1002.9
01:52,21.34,66.22,1002.92
01:53,21.34,66.236,1002.89
01:54,21.34,66.251,1002.86
01:55,21.33,66.202,1002.86
01:56,21.33,66.229,1002.82
01:57,21.33,66.242,1002.74
01:58,21.33,66.251,1002.74
01:59,21.32,66.265,1002.73
02:00,21.32,66.246,1002.73
02:01,21.32,66.226,1002.7
02:02,21.32,66.222,1002.66
02:03,21.32,66.251,1002.66
02:04,21.32,66.266,1002.65
02:05,21.31,66.272,1002.63
02:06,21.32,66.272,1002.62
02:07,21.32,66.266,1002.62
02:08,21.31,66.246,1002.59
02:09,21.31,66.226,1002.62
02:10,21.31,66.239,1002.61
02:11,21.31,66.226,1002.62
02:12,21.31,66.272,1002.62
02:13,21.3,66.239,1002.65
02:14,21.3,66.219,1002.64
02:15,21.3,66.236,1002.64
02:16,21.3,66.246,1002.62
02:17,21.29,66.246,1002.61
02:18,21.29,66.226,1002.61
02:19,21.29,66.239,1002.62
02:20,21.28,66.26,1002.59
02:21,21.28,66.287,1002.6
02:22,21.27,66.287,1002.57
02:23,21.28,66.272,1002.56
02:24,21.27,66.29,1002.59
02:25,21.27,66.323,1002.57
02:26,21.26,66.343,1002.55
02:27,21.26,66.35,1002.51
02:28,21.26,66.343,1002.55
02:29,21.26,66.357,1002.55
02:30,21.26,66.357,1002.56
02:31,21.26,66.337,1002.54
02:32,21.25,66.323,1002.53
02:33,21.26,66.337,1002.53
02:34,21.26,66.343,1002.53
02:35,21.25,66.355,1002.48
02:36,21.25,66.343,1002.53
02:37,21.25,66.337,1002.51
02:38,21.25,66.284,1002.5
02:39,21.25,66.317,1002.5
02:40,21.25,66.313,1002.53
02:41,21.25,66.342,1002.54
02:42,21.25,66.31,1002.5
02:43,21.25,66.268,1002.5
02:44,21.25,66.273,1002.47
02:45,21.25,66.274,1002.47
02:46,21.25,66.313,1002.45
02:47,21.24,66.322,1002.41
02:48,21.25,66.241,1002.39
02:49,21.25,66.22,1002.35
02:50,21.26,66.159,1002.36
02:51,21.26,66.182,1002.37
02:52,21.26,66.198,1002.4
02:53,21.26,66.139,1002.39
02:54,21.27,66.118,1002.41
02:55,21.26,66.182,1002.37
02:56,21.26,66.195,1002.36
02:57,21.26,66.188,1002.38
02:58,21.25,66.24,1002.38
02:59,21.25,66.208,1002.39
03:00,21.26,66.185,1002.42
03:01,21.25,66.201,1002.42
03:02,21.26,66.165,1002.4
03:03,21.26,66.226,1002.38
03:04,21.26,66.178,1002.39
03:05,21.25,66.201,1002.43
03:06,21.25,66.208,1002.41
03:07,21.25,66.191,1002.4
03:08,21.25,66.191,1002.4
03:09,21.25,66.182,1002.38
03:10,21.25,66.166,1002.41
03:11,21.25,66.188,1002.34
03:12,21.24,66.197,1002.33
03:13,21.25,66.195,1002.35
03:14,21.25,66.182,1002.33
03:15,21.25,66.171,1002.33
03:16,21.25,66.184,1002.28
03:17,21.25,66.133,1002.28
03:18,21.24,66.119,1002.26
03:19,21.25,66.126,1002.28
03:20,21.25,66.195,1002.24
03:21,21.25,66.197,1002.25
03:22,21.24,66.184,1002.25
03:23,21.24,66.211,1002.25
03:24,21.24,66.171,1002.25
03:25,21.24,66.191,1002.26
03:26,21.24,66.157,1002.28
03:27,21.24,66.211,1002.27
03:28,21.24,66.201,1002.26
03:29,21.23,66.226,1002.27
03:30,21.24,66.151,1002.28
03:31,21.24,66.208,1002.28
03:32,21.23,66.197,1002.25
03:33,21.23,66.197,1002.27
03:34,21.23,66.184,1002.25
03:35,21.23,66.138,1002.2
03:36,21.23,66.226,1002.18
03:37,21.23,66.164,1002.2
03:38,21.23,66.145,1002.17
03:39,21.23,66.139,1002.12
03:40,21.23,66.179,1002.12
03:41,21.23,66.159,1002.14
03:42,21.22,66.201,1002.12
03:43,21.22,66.172,1002.11
03:44,21.22,66.179,1002.14
03:45,21.22,66.172,1002.15
03:46,21.22,66.179,1002.16
03:47,21.22,66.201,1002.18
03:48,21.22,66.184,1002.15
03:49,21.22,66.195,1002.17
03:50,21.21,66.221,1002.21
03:51,21.21,66.201,1002.19
03:52,21.2,66.234,1002.22
03:53,21.2,66.241,1002.23
03:54,21.2,66.228,1002.23
03:55,21.2,66.248,1002.26
03:56,21.19,66.254,1002.23
03:57,21.19,66.29,1002.26
03:58,21.19,66.304,1002.26
03:59,21.18,66.306,1002.26
04:00,21.18,66.316,1002.26
04:01,21.18,66.336,1002.28
04:02,21.18,66.338,1002.28
04:03,21.18,66.319,1002.29
04:04,21.18,66.338,1002.29
04:05,21.18,66.331,1002.28
04:06,21.18,66.336,1002.28
04:07,21.18,66.344,1002.3
04:08,21.18,66.368,1002.27
04:09,21.17,66.383,1002.28
04:10,21.18,66.341,1002.27
04:11,21.18,66.306,1002.27
04:12,21.18,66.376,1002.22
04:13,21.18,66.355,1002.28
04:14,21.18,66.336,1002.25
04:15,21.18,66.319,1002.26
04:16,21.18,66.316,1002.27
04:17,21.18,66.274,1002.26
04:18,21.18,66.274,1002.26
04:19,21.18,66.323,1002.27
04:20,21.17,66.296,1002.24
04:21,21.18,66.287,1002.23
04:22,21.17,66.31,1002.23
04:23,21.18,66.331,1002.23
04:24,21.17,66.368,1002.23
04:25,21.17,66.329,1002.24
04:26,21.17,66.324,1002.25
04:27,21.17,66.303,1002.25
04:28,21.18,66.26,1002.24
04:29,21.18,66.214,1002.26
04:30,21.19,66.17,1002.25
04:31,21.18,66.226,1002.26
04:32,21.18,66.234,1002.23
04:33,21.18,66.158,1002.22
04:34,21.18,66.145,1002.23
04:35,21.18,66.152,1002.2
04:36,21.18,66.177,1002.2
04:37,21.18,66.139,1002.14
04:38,21.18,66.156,1002.16
04:39,21.18,66.119,1002.15
04:40,21.18,66.156,1002.12
04:41,21.18,66.139,1002.08
04:42,21.18,66.184,1002.07
04:43,21.18,66.088,1002.05
04:44,21.18,66.108,1002.05
04:45,21.19,66.086,1002.01
04:46,21.19,66.05,1001.99
04:47,21.18,66.1,1001.96
04:48,21.18,66.144,1001.95
04:49,21.19,66.086,1001.91
04:50,21.19,66.12,1001.92
04:51,21.18,66.119,1001.88
04:52,21.18,66.157,1001.89
04:53,21.18,66.14,1001.88
04:54,21.18,66.144,1001.85
04:55,21.17,66.139,1001.87
04:56,21.18,66.119,1001.84
04:57,21.18,66.132,1001.84
04:58,21.18,66.164,1001.86
04:59,21.18,66.117,1001.85
05:00,21.17,66.152,1001.88
05:01,21.17,66.14,1001.87
05:02,21.18,66.177,1001.9
05:03,21.18,66.158,1001.94
05:04,21.18,66.145,1001.96
05:05,21.18,66.165,1002.01
05:06,21.18,66.202,1002.05
05:07,21.18,66.132,1002.1
05:08,21.18,66.172,1002.17
05:09,21.18,66.188,1002.15
05:10,21.18,66.166,1002.14
05:11,21.18,66.14,1002.16
05:12,21.18,66.158,1002.15
05:13,21.18,66.132,1002.19
05:14,21.18,66.119,1002.2
05:15,21.18,66.124,1002.23
05:16,21.18,66.131,1002.23
05:17,21.18,66.114,1002.25
05:18,21.17,66.152,1002.27
05:19,21.17,66.165,1002.28
05:20,21.17,66.201,1002.26
05:21,21.17,66.145,1002.24
05:22,21.17,66.158,1002.22
05:23,21.17,66.177,1002.21
05:24,21.16,66.178,1002.18
05:25,21.16,66.194,1002.2
05:26,21.16,66.208,1002.19
05:27,21.16,66.19,1002.19
05:28,21.16,66.208,1002.21
05:29,21.16,66.165,1002.23
05:30,21.16,66.152,1002.24
05:31,21.16,66.172,1002.24
05:32,21.15,66.202,1002.23
05:33,21.15,66.196,1002.23
05:34,21.15,66.165,1002.18
05:35,21.15,66.194,1002.17
05:36,21.14,66.203,1002.13
05:37,21.14,66.189,1002.1
05:38,21.14,66.252,1002.05
05:39,21.14,66.222,1002.04
05:40,21.13,66.229,1001.98
05:41,21.13,66.215,1002.0
05:42,21.13,66.249,1001.99
05:43,21.13,66.265,1001.99
05:44,21.13,66.249,1002.0
05:45,21.13,66.291,1001.98
05:46,21.13,66.249,1002.01
05:47,21.13,66.239,1001.99
05:48,21.12,66.271,1002.0
05:49,21.12,66.24,1002.04
05:50,21.12,66.24,1002.03
05:51,21.12,66.306,1002.04
05:52,21.12,66.273,1002.05
05:53,21.12,66.246,1002.06
05:54,21.12,66.278,1002.08
05:55,21.11,66.273,1002.09
05:56,21.11,66.306,1002.1
05:57,21.11,66.342,1002.11
05:58,21.11,66.319,1002.08
05:59,21.11,66.293,1002.07
06:00,21.11,66.336,1002.07
06:01,21.1,66.383,1002.09
06:02,21.11,66.368,1002.06
06:03,21.11,66.348,1002.06
06:04,21.11,66.348,1002.04
06:05,21.1,66.328,1002.05
06:06,21.11,66.306,1002.04
06:07,21.11,66.298,1002.04
06:08,21.11,66.271,1002.04
06:09,21.11,66.291,1002.04
06:10,21.11,66.3,1002.04
06:11,21.12,66.253,1002.05
06:12,21.13,66.235,1002.07
06:13,21.12,66.211,1002.05
06:14,21.12,66.216,1002.04
06:15,21.11,66.226,1002.06
06:16,21.11,66.171,1002.06
06:17,21.11,66.22,1002.09
06:18,21.12,66.17,1002.09
06:19,21.11,66.189,1002.1
06:20,21.12,66.184,1002.1
06:21,21.11,66.204,1002.1
06:22,21.11,66.209,1002.1
06:23,21.12,66.171,1002.1
06:24,21.12,66.184,1002.11
06:25,21.12,66.19,1002.11
06:26,21.13,66.113,1002.1
06:27,21.13,66.153,1002.11
06:28,21.13,66.182,1002.11
06:29,21.13,66.176,1002.09
06:30,21.14,66.12,1002.09
06:31,21.14,66.127,1002.11
06:32,21.14,66.087,1002.11
06:33,21.14,66.113,1002.11
06:34,21.14,66.157,1002.06
06:35,21.14,66.13,1002.07
06:36,21.13,66.15,1002.05
06:37,21.14,66.14,1002.05
06:38,21.14,66.15,1002.06
06:39,21.14,66.127,1002.07
06:40,21.14,66.145,1002.07
06:41,21.14,66.105,1002.09
06:42,21.14,66.115,1002.05
06:43,21.14,66.088,1002.06
06:44,21.14,66.093,1002.03
06:45,21.14,66.093,1002.03
06:46,21.14,66.099,1002.04
06:47,21.14,66.093,1002.04
06:48,21.14,66.113,1002.02
06:49,21.14,66.075,1002.04
06:50,21.14,66.133,1002.05
06:51,21.14,66.1,1002.04
06:52,21.14,66.067,1002.05
06:53,21.15,66.088,1002.03
06:54,21.15,66.075,1002.06
06:55,21.14,66.1,1002.01
06:56,21.14,66.093,1002.03
06:57,21.14,66.092,1002.01
06:58,21.14,66.127,1002.01
06:59,21.14,66.1,1001.98
07:00,21.14,66.1,1001.93
07:01,21.14,66.086,1001.9
07:02,21.14,66.06,1001.92
07:03,21.14,66.031,1001.93
07:04,21.14,66.011,1001.92
07:05,21.14,66.045,1001.93
07:06,21.14,65.998,1001.93
07:07,21.14,66.011,1001.93
07:08,21.14,66.004,1001.97
07:09,21.15,66.017,1001.99
07:10,21.15,65.997,1001.98
07:11,21.14,66.042,1002.0
07:12,21.14,66.095,1002.0
07:13,21.14,66.042,1002.03
07:14,21.14,66.06,1001.98
07:15,21.14,66.075,1001.99
07:16,21.13,66.06,1001.98
07:17,21.14,66.062,1002.02
07:18,21.14,66.08,1001.98
07:19,21.14,66.074,1002.0
07:20,21.14,66.067,1001.99
07:21,21.13,66.08,1002.0
07:22,21.13,66.068,1002.0
07:23,21.13,66.062,1001.98
07:24,21.13,66.068,1001.97
07:25,21.13,66.113,1001.97
07:26,21.12,66.138,1001.94
07:27,21.12,66.109,1001.94
07:28,21.12,66.151,1001.92
07:29,21.12,66.15,1001.9
07:30,21.11,66.177,1001.89
07:31,21.12,66.146,1001.9
07:32,21.12,66.17,1001.89
07:33,21.12,66.157,1001.93
07:34,21.12,66.157,1001.91
07:35,21.12,66.177,1001.95
07:36,21.11,66.184,1001.92
07:37,21.11,66.209,1001.95
07:38,21.11,66.208,1001.97
07:39,21.11,66.22,1001.98
07:40,21.11,66.17,1002.0
07:41,21.11,66.189,1002.02
07:42,21.11,66.114,1002.03
07:43,21.11,66.124,1002.05
07:44,21.11,66.177,1002.05
07:45,21.11,66.208,1002.06
07:46,21.1,66.194,1002.09
07:47,21.1,66.201,1002.12
07:48,21.1,66.131,1002.13
07:49,21.11,66.127,1002.13
07:50,21.1,66.179,1002.15
07:51,21.1,66.203,1002.15
07:52,21.11,66.197,1002.14
07:53,21.11,66.197,1002.14
07:54,21.11,66.24,1002.14
07:55,21.12,66.226,1002.17
07:56,21.12,66.177,1002.15
07:57,21.11,66.201,1002.19
07:58,21.11,66.188,1002.18
07:59,21.11,66.24,1002.18
08:00,21.11,66.15,1002.18
08:01,21.11,66.171,1002.18
08:02,21.11,66.17,1002.18
08:03,21.12,66.171,1002.18
08:04,21.11,66.144,1002.18
08:05,21.11,66.151,1002.18
08:06,21.11,66.121,1002.18
08:07,21.11,66.121,1002.18
08:08,21.12,66.107,1002.2
08:09,21.12,66.094,1002.2
08:10,21.12,66.081,1002.21
08:11,21.13,66.054,1002.2
08:12,21.12,66.093,1002.21
08:13,21.12,66.082,1002.2
08:14,21.12,66.074,1002.2
08:15,21.12,66.062,1002.19
08:16,21.12,66.087,1002.2
08:17,21.13,66.035,1002.21
08:18,21.13,66.331,1002.22
08:19,21.14,66.337,1002.23
08:20,21.15,66.281,1002.25
08:21,21.18,66.376,1002.23
08:22,21.19,66.324,1002.21
08:23,21.2,66.489,1002.22
08:24,21.21,66.725,1002.21
08:25,21.23,67.091,1002.19
08:26,21.24,66.995,1002.2
08:27,21.24,67.157,1002.22
08:28,21.26,67.079,1002.23
08:29,21.27,66.927,1002.25
08:30,21.28,66.946,1002.25
08:31,21.3,67.144,1002.28
08:32,21.31,67.137,1002.28
08:33,21.31,67.206,1002.26
08:34,21.32,67.417,1002.28
08:35,21.31,67.193,1002.25
08:36,21.31,67.398,1002.23
08:37,21.32,67.292,1002.24
08:38,21.31,67.206,1002.23
08:39,21.31,67.225,1002.19
08:40,21.31,67.269,1002.14
08:41,21.31,67.327,1002.18
08:42,21.3,67.369,1002.16
08:43,21.3,67.418,1002.14
08:44,21.3,67.157,1002.09
08:45,21.31,67.213,1002.1
08:46,21.32,67.355,1002.09
08:47,21.33,67.394,1002.1
08:48,21.34,67.561,1002.1
08:49,21.37,67.625,1002.09
08:50,21.41,67.65,1002.06
08:51,21.47,67.803,1002.09
08:52,21.52,67.66,1002.08
08:53,21.52,67.7,1002.09
08:54,21.53,67.796,1002.09
08:55,21.55,67.88,1002.09
08:56,21.56,67.926,1002.07
08:57,21.59,68.048,1002.06
08:58,21.62,67.861,1002.06
08:59,21.64,67.937,1002.07
09:00,21.65,67.917,1002.08
09:01,21.68,68.009,1002.07
09:02,21.7,67.911,1002.06
09:03,21.72,67.977,1002.04
09:04,21.75,68.008,1002.02
09:05,21.77,67.88,1002.01
09:06,21.79,68.031,1001.95
09:07,21.81,67.919,1001.94
09:08,21.82,67.919,1001.93
09:09,21.84,67.904,1001.92
09:10,21.86,67.899,1001.92
09:11,21.86,67.844,1001.93
09:12,21.86,67.915,1001.95
09:13,21.87,67.954,1001.98
09:14,21.89,67.95,1002.0
09:15,21.89,67.961,1002.04
09:16,21.9,67.679,1002.05
09:17,21.91,67.615,1002.07
09:18,21.93,67.535,1002.08
09:19,21.93,67.447,1002.1
09:20,21.93,67.404,1002.08
09:21,21.94,67.337,1002.08
09:22,21.94,67.318,1002.1
09:23,21.94,67.33,1002.11
09:24,21.95,67.288,1002.14
09:25,21.94,67.281,1002.15
09:26,21.94,67.28,1002.17
09:27,21.94,67.28,1002.23
09:28,21.95,67.28,1002.25
09:29,21.94,67.307,1002.26
09:30,21.95,67.281,1002.28
09:31,21.95,67.268,1002.29
09:32,21.95,67.26,1002.28
09:33,21.95,67.275,1002.29
09:34,21.95,67.281,1002.29
09:35,21.95,67.261,1002.29
09:36,21.94,67.345,1002.29
09:37,21.94,67.424,1002.31
09:38,21.94,67.505,1002.32
09:39,21.94,67.535,1002.32
09:40,21.94,67.48,1002.3
09:41,21.94,67.543,1002.29
09:42,21.95,67.621,1002.28
09:43,21.95,67.621,1002.27
09:44,21.95,67.602,1002.28
09:45,21.94,67.576,1002.27
09:46,21.94,67.629,1002.27
09:47,21.94,67.609,1002.27
09:48,21.94,67.645,1002.28
09:49,21.94,67.652,1002.28
09:50,21.94,67.665,1002.24
09:51,21.94,67.646,1002.21
09:52,21.94,67.692,1002.21
09:53,21.94,67.645,1002.22
09:54,21.94,67.622,1002.21
09:55,21.94,67.597,1002.2
09:56,21.94,67.576,1002.16
09:57,21.94,67.609,1002.15
09:58,21.94,67.629,1002.13
09:59,21.95,67.563,1002.1
10:00,21.94,67.601,1002.08
10:01,21.94,67.616,1002.05
10:02,21.95,67.576,1002.01
10:03,21.95,67.582,1002.0
10:04,21.94,67.577,1001.99
10:05,21.94,67.582,1001.98
10:06,21.94,67.589,1001.95
10:07,21.95,67.602,1001.97
10:08,21.95,67.582,1001.96
10:09,21.95,67.589,1001.95
10:10,21.94,67.602,1001.96
10:11,21.95,67.622,1001.94
10:12,21.94,67.582,1001.92
10:13,21.94,67.638,1001.93
10:14,21.95,67.594,1001.91
10:15,21.95,67.622,1001.9
10:16,21.95,67.628,1001.88
10:17,21.95,67.635,1001.92
10:18,21.95,67.589,1001.88
10:19,21.96,67.635,1001.9
10:20,21.96,67.628,1001.9
10:21,21.97,67.581,1001.91
10:22,21.96,67.697,1001.96
10:23,21.95,67.794,1001.97
10:24,21.95,67.801,1001.99
10:25,21.94,67.774,1002.03
10:26,21.94,68.033,1002.05
10:27,21.93,67.973,1002.05
10:28,21.94,69.087,1002.09
10:29,21.93,68.638,1002.09
10:30,21.93,68.638,1002.12
10:31,21.93,68.432,1002.13
10:32,21.93,68.342,1002.13
10:33,21.92,68.302,1002.13
10:34,21.92,68.167,1002.13
10:35,21.9,68.169,1002.14
10:36,21.88,68.247,1002.12
10:37,21.87,68.469,1002.14
10:38,21.86,68.45,1002.1
10:39,21.85,68.367,1002.12
10:40,21.84,68.26,1002.14
10:41,21.84,68.157,1002.13
10:42,21.83,68.058,1002.14
10:43,21.83,67.961,1002.16
10:44,21.83,67.897,1002.16
10:45,21.82,67.761,1002.17
10:46,21.82,67.643,1002.16
10:47,21.8,67.551,1002.17
10:48,21.79,67.557,1002.16
10:49,21.79,67.429,1002.17
10:50,21.77,67.717,1002.18
10:51,21.77,67.654,1002.18
10:52,21.76,67.55,1002.18
10:53,21.77,67.402,1002.2
10:54,21.76,67.454,1002.18
10:55,21.76,67.643,1002.16
10:56,21.75,67.546,1002.13
10:57,21.74,67.283,1002.12
10:58,21.72,66.899,1002.12
10:59,21.72,66.865,1002.12
11:00,21.71,66.828,1002.1
11:01,21.71,66.848,1002.12
11:02,21.71,66.727,1002.11
11:03,21.7,66.647,1002.07
11:04,21.7,66.618,1002.05
11:05,21.7,66.369,1002.03
11:06,21.71,66.918,1002.04
11:07,21.69,66.833,1002.03
11:08,21.69,66.763,1002.03
11:09,21.69,66.732,1002.02
11:10,21.69,66.643,1002.02
11:11,21.69,66.629,1002.0
11:12,21.71,66.822,1001.99
11:13,21.73,66.917,1001.97
11:14,21.74,66.976,1001.99
11:15,21.75,66.886,1001.97
11:16,21.75,66.943,1001.97
11:17,21.76,66.912,1001.97
11:18,21.76,66.929,1001.97
11:19,21.75,66.629,1001.96
11:20,21.74,66.356,1001.97
11:21,21.74,66.329,1001.98
11:22,21.74,66.187,1001.96
11:23,21.74,66.201,1001.95
11:24,21.74,66.303,1001.95
11:25,21.73,66.324,1001.94
11:26,21.73,66.356,1001.96
11:27,21.71,66.368,1001.92
11:28,21.69,66.405,1001.94
11:29,21.69,66.202,1001.92
11:30,21.68,66.004,1001.91
11:31,21.67,65.871,1001.92
11:32,21.66,65.831,1001.91
11:33,21.64,65.674,1001.91
11:34,21.63,65.675,1001.87
11:35,21.61,65.686,1001.86
11:36,21.61,65.722,1001.87
11:37,21.61,65.704,1001.85
11:38,21.59,65.674,1001.85
11:39,21.59,65.546,1001.85
11:40,21.57,65.411,1001.83
11:41,21.58,65.481,1001.84
11:42,21.57,65.419,1001.84
11:43,21.57,65.393,1001.85
11:44,21.55,65.393,1001.86
11:45,21.54,65.45,1001.85
11:46,21.54,65.375,1001.87
11:47,21.54,65.532,1001.86
11:48,21.55,65.501,1001.86
11:49,21.56,65.539,1001.85
11:50,21.58,65.576,1001.87
11:51,21.59,65.49,1001.85
11:52,21.59,65.526,1001.83
11:54,21.6,65.484,1001.8
11:55,21.59,65.375,1001.81
11:56,21.59,65.241,1001.8
